{
  "items": [
    {
      "item": "abacate",
      "image": "http://dummyimage.com/151x100.png/cc0000/ffffff",
      "price": "$7",
      "id": 2
    },
    {
      "id": 3,
      "item": "Cake - Lemon Chiffon",
      "price": "$2.43",
      "image": "http://dummyimage.com/177x100.png/5fa2dd/ffffff"
    },
    {
      "id": 4,
      "item": "Soup - French Can Pea",
      "price": "$6.64",
      "image": "http://dummyimage.com/130x100.png/cc0000/ffffff"
    },
    {
      "id": 5,
      "item": "Rice - Brown",
      "price": "$5.11",
      "image": "http://dummyimage.com/183x100.png/ff4444/ffffff"
    },
    {
      "id": 6,
      "item": "Lettuce - Red Leaf",
      "price": "$5.97",
      "image": "http://dummyimage.com/114x100.png/5fa2dd/ffffff"
    },
    {
      "id": 7,
      "item": "Beer - Alexander Kieths, Pale Ale",
      "price": "$9.28",
      "image": "http://dummyimage.com/167x100.png/ff4444/ffffff"
    },
    {
      "id": 8,
      "item": "Table Cloth 90x90 Colour",
      "price": "$6.65",
      "image": "http://dummyimage.com/104x100.png/dddddd/000000"
    },
    {
      "id": 9,
      "item": "Wine - Ruffino Chianti Classico",
      "price": "$2.97",
      "image": "http://dummyimage.com/179x100.png/cc0000/ffffff"
    },
    {
      "id": 10,
      "item": "Appetizer - Tarragon Chicken",
      "price": "$4.55",
      "image": "http://dummyimage.com/223x100.png/cc0000/ffffff"
    },
    {
      "id": 11,
      "item": "Lentils - Green, Dry",
      "price": "$4.70",
      "image": "http://dummyimage.com/135x100.png/cc0000/ffffff"
    },
    {
      "id": 12,
      "item": "Praline Paste",
      "price": "$8.61",
      "image": "http://dummyimage.com/192x100.png/cc0000/ffffff"
    },
    {
      "id": 13,
      "item": "Bread - Granary Small Pull",
      "price": "$8.28",
      "image": "http://dummyimage.com/248x100.png/5fa2dd/ffffff"
    },
    {
      "id": 14,
      "item": "Chocolate - Dark",
      "price": "$7.61",
      "image": "http://dummyimage.com/122x100.png/cc0000/ffffff"
    },
    {
      "id": 15,
      "item": "Baking Powder",
      "price": "$2.18",
      "image": "http://dummyimage.com/180x100.png/dddddd/000000"
    }
  ]
}